id,conversation_id,created_at,date,time,timezone,user_id,username,name,place,tweet,mentions,urls,photos,replies_count,retweets_count,likes_count,hashtags,cashtags,link,retweet,quote_url,video,near,geo,source,user_rt_id,user_rt,retweet_id,reply_to,retweet_date,result
1.19E+18,1.19E+18,1.57E+12,10/22/19,16:28:03,EDT,9.03E+17,boulevardsandby,Boulevardsandbyways,,"I miss this island. Flew from San Juan Puerto Rico to Hartford, CT on my favorite carrier, @jetblue  Easy boarding, on-time, plenty of legroom. #every-time #jetblue #flight #puertorico #aviationlovers #airplane #pr‚Ä¶  https://www.instagram.com/p/B37xMRAh81A/?igshid=175tfdpez404r¬†‚Ä¶",['jetblue'],['https://www.instagram.com/p/B37xMRAh81A/?igshid=175tfdpez404r'],[],0,0,2,"['#every', '#jetblue', '#flight', '#puertorico', '#aviationlovers', '#airplane', '#pr']",[],https://twitter.com/Boulevardsandby/status/1186741023483060226,FALSE,,0,,,,,,,"[{'user_id': '902885888488873984', 'username': 'Boulevardsandby'}, {'user_id': '6449282', 'username': 'JetBlue'}]",,
1.17E+18,1.17E+18,1.57E+12,8/28/19,3:41:07,EDT,1.17E+18,airlinebooking5,Airline Booking,,"#GalaxyNote10
More Info  https://kontactforhelp.com/jetblue-airlines/¬†‚Ä¶
#Jetblue Airlines Reservation Ticket
Who Can I get a #refund & Policy for the ticket?
What happens if you buy a #ticket and an emergency disrupts my travel?
How do I book a #Jetblue Airline Extra-legroom Seat?
Helpline 888-540-7192  pic.twitter.com/Q8pkT3fNOB",[],['https://kontactforhelp.com/jetblue-airlines/'],['https://pbs.twimg.com/media/EDCnr8dXkAY9WBA.jpg'],0,0,1,"['#galaxynote10', '#jetblue', '#refund', '#ticket', '#jetblue']",[],https://twitter.com/AirlineBooking5/status/1166616688399458304,FALSE,,0,,,,,,,"[{'user_id': '1166213862607204352', 'username': 'AirlineBooking5'}]",,
1.17E+18,1.17E+18,1.57E+12,8/28/19,3:39:14,EDT,1.17E+18,airlinebooking5,Airline Booking,,"More Info  https://www.kontactforhelp.com/jetblue-airlines/¬†‚Ä¶
#Jetblue Airlines Reservation Ticket
Who Can I get a #refund & Policy for the ticket?
What happens if you buy a #ticket and an emergency disrupts my travel?
How do I book a #Jetblue Airline Extra-legroom Seat?

Helpline Number 1-888-540-7192  pic.twitter.com/zrY66mdXxz",[],['https://www.kontactforhelp.com/jetblue-airlines/'],['https://pbs.twimg.com/media/EDCnP9hW4AA2bsc.jpg'],0,0,1,"['#jetblue', '#refund', '#ticket', '#jetblue']",[],https://twitter.com/AirlineBooking5/status/1166616211221819393,FALSE,,0,,,,,,,"[{'user_id': '1166213862607204352', 'username': 'AirlineBooking5'}]",,
1.16E+18,1.16E+18,1.57E+12,8/15/19,20:37:38,EDT,8.62E+17,dr_allen_walks,Allen Walks,,#jetblue love the legroom!!! First choice for now on! #Delta #United #AA #AmericanAirlinea pic.twitter.com/xI5CUeIFXw,[],[],['https://pbs.twimg.com/media/ECDTr4tUYAAmnvL.jpg'],0,0,0,"['#jetblue', '#delta', '#united', '#aa', '#americanairlinea']",[],https://twitter.com/Dr_Allen_Walks/status/1162161460119625728,FALSE,,0,,,,,,,"[{'user_id': '862492356833980416', 'username': 'Dr_Allen_Walks'}]",,
1.15E+18,1.15E+18,1.56E+12,7/26/19,17:46:30,EDT,4730193355,jeanniesdishes,jeanniesdishes,,So excited just booked our @JetBlue flight to @MCO for our #honeymoon and even splurged for the extra legroom!  We can‚Äôt wait to go in October!  üòÅüëçüèª #JetBlue #Travel #vacation #hhn29,"['jetblue', 'mco']",[],[],2,0,0,"['#honeymoon', '#jetblue', '#travel', '#vacation', '#hhn29']",[],https://twitter.com/jeanniesdishes/status/1154870635333636096,FALSE,,0,,,,,,,"[{'user_id': '4730193355', 'username': 'jeanniesdishes'}, {'user_id': '6449282', 'username': 'JetBlue'}, {'user_id': '366027659', 'username': 'MCO'}]",,
1.15E+18,1.15E+18,1.56E+12,7/7/19,9:04:34,EDT,17423191,dejoyf,Frank DeJoy,,"""ECONOMY CLASS #LEGROOM HAS BEEN SHRINKING ... FIND OUT WHICH #airlines CUT TALL #travelers THE MOST SLACK"" #JetBlue #Alaska #southwest
#hawaiian #delta #AmericanAirlines #UnitedAirlines #allegiant #frontier #spirit https://www.cntraveler.com/stories/2015-10-27/the-airlines-with-the-most-legroom-a-tall-travelers-guide¬†‚Ä¶",[],['https://www.cntraveler.com/stories/2015-10-27/the-airlines-with-the-most-legroom-a-tall-travelers-guide'],[],2,0,0,"['#legroom', '#airlines', '#travelers', '#jetblue', '#alaska', '#southwest', '#hawaiian', '#delta', '#americanairlines', '#unitedairlines', '#allegiant', '#frontier', '#spirit']",[],https://twitter.com/dejoyf/status/1147853917272723458,FALSE,,0,,,,,,,"[{'user_id': '17423191', 'username': 'dejoyf'}]",,
1.15E+18,1.15E+18,1.56E+12,7/5/19,21:28:52,EDT,300019729,sergiojazcona,SA,,"#jetblue over an hour late to depart and won‚Äôt let a guy switch seats to an open seat w a little more legroom.
Classy!",[],[],[],0,0,0,['#jetblue'],[],https://twitter.com/SergioJAzcona/status/1147316448366399488,FALSE,,0,,,,,,,"[{'user_id': '300019729', 'username': 'SergioJAzcona'}]",,
1.14E+18,1.14E+18,1.56E+12,6/23/19,21:31:51,EDT,1152445490,jtzur10,Judy,,"Hey @JetBlue #JetBlue do you think it‚Äôs fair that we were delayed 3+ hours for our flight, paid extra $$$ for legroom, and were one of the only rows without working tv stations only to be offered a $15!! coupon We are #disappointed",['jetblue'],[],[],0,0,0,"['#jetblue', '#disappointed']",[],https://twitter.com/jtzur10/status/1142968547028717580,FALSE,,0,,,,,,,"[{'user_id': '1152445490', 'username': 'jtzur10'}, {'user_id': '6449282', 'username': 'JetBlue'}]",,
1.13E+18,1.13E+18,1.56E+12,5/31/19,18:55:00,EDT,8.62E+17,journynow,Journy,,"Can you tell which #airlines have the most #legroom in their seats? üí∫ #JetBlue #Alaska
 https://www.cntraveler.com/stories/2015-10-27/the-airlines-with-the-most-legroom-a-tall-travelers-guide¬†‚Ä¶",[],['https://www.cntraveler.com/stories/2015-10-27/the-airlines-with-the-most-legroom-a-tall-travelers-guide'],[],0,0,0,"['#airlines', '#legroom', '#jetblue', '#alaska']",[],https://twitter.com/JournyNow/status/1134594152572825602,FALSE,,0,,,,,,,"[{'user_id': '861695665931288576', 'username': 'JournyNow'}]",,
1.13E+18,1.13E+18,1.56E+12,5/16/19,14:59:07,EDT,2561182877,mother_of_4ks,purple_queen_v,,Love this view! #JetBlue #frequentflyer #bestwaytofly #trueblue #more #legroom #snacks #beverages #movies #directv #windowseat #flyingonmiles #FLLtoJFK  https://www.instagram.com/p/BxiMn68Brx6A7LH76wmj7o-Xxptm8yR6xGn5kU0/?igshid=1jqwr4xn9kp9g¬†‚Ä¶,[],['https://www.instagram.com/p/BxiMn68Brx6A7LH76wmj7o-Xxptm8yR6xGn5kU0/?igshid=1jqwr4xn9kp9g'],[],0,0,0,"['#jetblue', '#frequentflyer', '#bestwaytofly', '#trueblue', '#more', '#legroom', '#snacks', '#beverages', '#movies', '#directv', '#windowseat', '#flyingonmiles', '#flltojfk']",[],https://twitter.com/mother_of_4Ks/status/1129098971459260418,FALSE,,0,,,,,,,"[{'user_id': '2561182877', 'username': 'mother_of_4Ks'}]",,
1.12E+18,1.12E+18,1.56E+12,5/3/19,19:27:46,EDT,2900944373,tkinnj,t k,,"I'm a #MillionMiler on @united and just flew @JetBlue. Regular #JetBlue  seats have more legroom & are more comfortable than #UnitedAirlines #EconomyPlus seats.  #UnitedSucks, the #UA experience only gets worse

#Travel #airlines #FrequentFlier #united #CustomerService","['united', 'jetblue']",[],[],0,0,2,"['#millionmiler', '#jetblue', '#unitedairlines', '#economyplus', '#unitedsucks', '#ua', '#travel', '#airlines', '#frequentflier', '#united', '#customerservice']",[],https://twitter.com/TKinNJ/status/1124455539088474114,FALSE,,0,,,,,,,"[{'user_id': '2900944373', 'username': 'TKinNJ'}, {'user_id': '260907612', 'username': 'united'}, {'user_id': '6449282', 'username': 'JetBlue'}]",,
1.12E+18,1.12E+18,1.55E+12,4/10/19,18:21:56,EDT,8.19E+17,riddle_lincoln,Lincoln is in Kentucky,,"Jet Blue to London! This is great. Jet Blue not only has the most legroom in economy, but WI-FI and Direct TV are FREE for all passengers. To top it off, their tickets are usually a decent deal @JetBlue #Jetblue #Travel https://twitter.com/JetBlue/status/1116089155962851328¬†‚Ä¶",['jetblue'],['https://twitter.com/JetBlue/status/1116089155962851328'],[],0,0,6,"['#jetblue', '#travel']",[],https://twitter.com/Riddle_Lincoln/status/1116104048489504769,FALSE,https://twitter.com/JetBlue/status/1116089155962851328,0,,,,,,,"[{'user_id': '818915640207667200', 'username': 'Riddle_Lincoln'}, {'user_id': '6449282', 'username': 'JetBlue'}]",,
1.11E+18,1.11E+18,1.55E+12,4/3/19,9:05:05,EDT,3264793988,gingerandcarrie,Ginger&CarrieTravel,,This U.S. Airline Has More Legroom Than Any Other (Video)   http://ow.ly/UcFi30oiPfN¬† #airlines #JetBlue  pic.twitter.com/k1D7Bq5TNS,[],['http://ow.ly/UcFi30oiPfN'],['https://pbs.twimg.com/media/D3OwIrfWsAART1w.jpg'],0,0,0,"['#airlines', '#jetblue']",[],https://twitter.com/GingerandCarrie/status/1113427198168457217,FALSE,,0,,,,,,,"[{'user_id': '3264793988', 'username': 'GingerandCarrie'}]",,
1.11E+18,1.11E+18,1.55E+12,3/28/19,21:12:59,EDT,2879599554,travon999,Travon Nicholls,,"The highlight of yesterday...@JetBlue I just love your service and your aircraft. Legroom was excellent...and to the crew who worked flight 1562 on March 27th 2019, great job. Keep up the great work! I‚ù§blue #Iloveblue #B61562 #Jetblue  pic.twitter.com/G0yM3Cfh6t",['jetblue'],[],['https://pbs.twimg.com/media/D2ydML8U0AAySOc.jpg'],2,0,20,"['#iloveblue', '#b61562', '#jetblue']",[],https://twitter.com/travon999/status/1111436054316240897,FALSE,,0,,,,,,,"[{'user_id': '2879599554', 'username': 'travon999'}, {'user_id': '6449282', 'username': 'JetBlue'}]",,
1.11E+18,1.11E+18,1.55E+12,3/25/19,18:32:16,EDT,150806855,hermajesty00,Susan Blauss,,Stopper in DC and #JetBlue was So helpful! They helped us get an earlier flight home! Bonus? 6 foot 3 husband has legroom lol in regular seats @JetBlue,['jetblue'],[],[],0,0,2,['#jetblue'],[],https://twitter.com/HerMajesty00/status/1110308445364858881,FALSE,,0,,,,,,,"[{'user_id': '150806855', 'username': 'HerMajesty00'}, {'user_id': '6449282', 'username': 'JetBlue'}]",,
1.10E+18,1.10E+18,1.55E+12,3/10/19,8:38:29,EDT,158098128,krysta1klear,Krystal,,@JetBlue I‚Äôm at Syracuse handcock airport and purchased an even more legroom seat which entitles me to even more speed. I went on the accelerated line and was DENIED by TSA and made to wait on the regular line when I paid EXTRA for my seating. Very unhappy. Wtf?? #jetblue,['jetblue'],[],[],1,0,0,['#jetblue'],[],https://twitter.com/krysta1klear/status/1104723196606074880,FALSE,,0,,,,,,,"[{'user_id': '158098128', 'username': 'krysta1klear'}, {'user_id': '6449282', 'username': 'JetBlue'}]",,
1.10E+18,1.10E+18,1.55E+12,2/22/19,9:48:29,EDT,70276560,stephensmercer,ssmerc,,This seat on #americanairlines was a ‚Äúpremium‚Äù seat for which they charged around $60.00. I am sitting straight in my seat. üôÑ What a lame airline. #jetblue extra legroom seats blows AA‚Äôs‚Ä¶  https://www.instagram.com/p/BuMB9spnElP/?utm_source=ig_twitter_share&igshid=1ewlwv7ghnp3t¬†‚Ä¶,[],['https://www.instagram.com/p/BuMB9spnElP/?utm_source=ig_twitter_share&igshid=1ewlwv7ghnp3t'],[],0,0,0,"['#americanairlines', '#jetblue']",[],https://twitter.com/StephenSMercer/status/1098957705677627398,FALSE,,0,,,,,,,"[{'user_id': '70276560', 'username': 'StephenSMercer'}]",,
1.10E+18,1.10E+18,1.55E+12,2/20/19,12:27:04,EDT,51944426,talldrinkh2o,Ronda Ivy,,"Yes, please! Boston to London, with legroom and Terra Chips? #travel #avgeek #jetblue  https://www.bostonglobe.com/lifestyle/travel/2019/02/19/boston-london-with-legroom-and-terra-chips/4pLxLMV9oUkrrmCKpYJA9I/story.html?event=event25¬†‚Ä¶ via @BostonGlobe",['bostonglobe'],['https://www.bostonglobe.com/lifestyle/travel/2019/02/19/boston-london-with-legroom-and-terra-chips/4pLxLMV9oUkrrmCKpYJA9I/story.html?event=event25'],[],1,2,5,"['#travel', '#avgeek', '#jetblue']",[],https://twitter.com/talldrinkh2o/status/1098272837511581697,FALSE,,0,,,,,,,"[{'user_id': '51944426', 'username': 'talldrinkh2o'}, {'user_id': '95431448', 'username': 'BostonGlobe'}]",,
1.09E+18,1.09E+18,1.55E+12,2/10/19,18:39:25,EDT,1393458199,vizcarrangel,Angel Vizcarra,,"Not too shabby @JetBlue.

First time flying #JetBlue and I'm greatly surprised. Free wi-fi w/ #AmazonPrime account, @DIRECTV, music, great new movies (@BoRhapMovie showing) and shows, free snacks, super clean aircraft, great service and, among other things, much more legroom!  pic.twitter.com/O2ZqHY9PkR","['jetblue', 'directv', 'borhapmovie']",[],[],1,1,19,"['#jetblue', '#amazonprime']",[],https://twitter.com/VizcarrAngel/status/1094742664946376704,FALSE,,1,,,,,,,"[{'user_id': '1393458199', 'username': 'VizcarrAngel'}, {'user_id': '6449282', 'username': 'JetBlue'}, {'user_id': '14946736', 'username': 'DIRECTV'}, {'user_id': '887802480012050432', 'username': 'BoRhapMovie'}]",,
1.09E+18,1.09E+18,1.55E+12,1/24/19,0:05:39,EDT,14346427,jimnorrisiv,Grim Chorus IV,,Exxxxxtra legroom. Thanks @jetblue! #jetblue #puertorico @ John F. Kennedy International Airport  https://www.instagram.com/p/BtAUMr5DE11/?utm_source=ig_twitter_share&igshid=cnn42skjb2cb¬†‚Ä¶,['jetblue'],['https://www.instagram.com/p/BtAUMr5DE11/?utm_source=ig_twitter_share&igshid=cnn42skjb2cb'],[],0,0,1,"['#jetblue', '#puertorico']",[],https://twitter.com/jimnorrisiv/status/1088301784362336256,FALSE,,0,,,,,,,"[{'user_id': '14346427', 'username': 'jimnorrisiv'}, {'user_id': '6449282', 'username': 'JetBlue'}]",,
1.09E+18,1.09E+18,1.55E+12,1/18/19,22:14:03,EDT,35976227,jjeremynyc,Jeremy,,"Great time on this @jetBlue E-90 tonight B6 2618 FLL-JAX great crew and always love flying on the E-90 with a comfortable 2x2 config and plenty of legroom, a jetBlue signature #B62618 #E90 #Embraer #jetBlue #avgeek pic.twitter.com/P1F1nE41BT",['jetblue'],[],"['https://pbs.twimg.com/media/DxPjIwoVsAE7MOB.jpg', 'https://pbs.twimg.com/media/DxPjLUDVsAE6MZa.jpg']",0,1,7,"['#b62618', '#e90', '#embraer', '#jetblue', '#avgeek']",[],https://twitter.com/jjeremynyc/status/1086461760356401153,FALSE,,0,,,,,,,"[{'user_id': '35976227', 'username': 'jjeremynyc'}, {'user_id': '6449282', 'username': 'JetBlue'}]",,
1.08E+18,1.08E+18,1.55E+12,1/9/19,20:58:46,EDT,77313578,susanclare7,Susan Clare,,#jetblue @JetBlue   It happened again. Paid xtra for extra legroom and tv not working flight 1833 Jan 9 seat 9C,['jetblue'],[],[],1,0,0,['#jetblue'],[],https://twitter.com/susanclare7/status/1083181322179244032,FALSE,,0,,,,,,,"[{'user_id': '77313578', 'username': 'susanclare7'}, {'user_id': '6449282', 'username': 'JetBlue'}]",,
1.07E+18,1.07E+18,1.54E+12,11/24/18,12:59:58,EDT,102709756,pollie_mujah,mujah ‚ù£Ô∏è,,"Best legroom in economy by far, but y‚Äôall need to work on updates with gate changes and delays !!! @JetBlue #jetblue #JetBlueNyBasedCrew pic.twitter.com/4xjcoFO6mv",['jetblue'],[],['https://pbs.twimg.com/media/DsyU8VvUcAA6afO.jpg'],0,0,0,"['#jetblue', '#jetbluenybasedcrew']",[],https://twitter.com/pollie_mujah/status/1066390985570160640,FALSE,,0,,,,,,,"[{'user_id': '102709756', 'username': 'pollie_mujah'}, {'user_id': '6449282', 'username': 'JetBlue'}]",,
1.07E+18,1.07E+18,1.54E+12,11/21/18,0:24:28,EDT,8.76E+17,njdesai89,Niranjan Desai,,JetBlue flights are awesome. extra legroom free wifi and entertainment #jetblue,[],[],[],0,0,2,['#jetblue'],[],https://twitter.com/njdesai89/status/1065113694269566976,FALSE,,0,,,,,,,"[{'user_id': '876249301499789312', 'username': 'njdesai89'}]",,
1.06E+18,1.06E+18,1.54E+12,11/16/18,15:18:54,EDT,38197826,richellezf80,Richelle,,"@JetBlue it‚Äôs an absurd policy that you don‚Äôt allow passengers with infants to pre-board like every other airline. After disabilities, Mint, Extra legroom and Group A? Ridiculous. I am traveling with an infant and you‚Äôve made that infinitely harder. Done with #JetBlue",['jetblue'],[],[],0,0,0,['#jetblue'],[],https://twitter.com/RichelleZF80/status/1063526848846385152,FALSE,,0,,,,,,,"[{'user_id': '38197826', 'username': 'RichelleZF80'}, {'user_id': '6449282', 'username': 'JetBlue'}]",,
1.06E+18,1.06E+18,1.54E+12,11/12/18,18:19:03,EDT,14573176,xpressbus,xpressbus,,Doesn‚Äôt quite match up to the menu #jetblue but I do appreciate the extra legroom.  pic.twitter.com/pkJVWbgyJ4,[],[],['https://pbs.twimg.com/media/Dr1qri4UwAAyfNv.jpg'],2,0,0,['#jetblue'],[],https://twitter.com/xpressbus/status/1062122632814960641,FALSE,,0,,,,,,,"[{'user_id': '14573176', 'username': 'xpressbus'}]",,
1.06E+18,1.06E+18,1.54E+12,10/29/18,18:06:00,EDT,21247951,dannyboy0160,Danny Moeller,,Not many perks to being vertically challenged but this is one! #jetblue #legroom #verticallychallenged @ Jet Blue  https://www.instagram.com/p/BpiH0FFn5R5/?utm_source=ig_twitter_share&igshid=kprfcynttrwi¬†‚Ä¶,[],['https://www.instagram.com/p/BpiH0FFn5R5/?utm_source=ig_twitter_share&igshid=kprfcynttrwi'],[],0,0,0,"['#jetblue', '#legroom', '#verticallychallenged']",[],https://twitter.com/dannyboy0160/status/1057030816604274688,FALSE,,0,,,,,,,"[{'user_id': '21247951', 'username': 'dannyboy0160'}]",,
1.04E+18,1.04E+18,1.54E+12,9/21/18,16:39:44,EDT,4289485636,storiesflowcom,StoriesFlow.com,,"(Spokesman) #JetBlue founder says his new startup will cut fares, add legroom : Serial airline entrepreneur David Neeleman is determined to make his next carrier stand out in a market where rivals large and small shoehorn ..  https://www.storiesflow.com/3673931809/jetblue-founder-startup-legroom¬†‚Ä¶ pic.twitter.com/5atTUFVE5y",[],['https://www.storiesflow.com/3673931809/jetblue-founder-startup-legroom'],['https://pbs.twimg.com/media/DnpTxLYWwAAweZf.jpg'],0,0,0,['#jetblue'],[],https://twitter.com/storiesflowcom/status/1043238369260699648,FALSE,,0,,,,,,,"[{'user_id': '4289485636', 'username': 'storiesflowcom'}]",,
1.03E+18,1.03E+18,1.54E+12,8/25/18,6:25:42,EDT,8573072,tgruber,Tamara @ We3Travel,,Love the seat-back bottle holder on the new @JetBlue plane! We may not be Mint but looking forward to the extra legroom for BOS to SEA. #jetblue #mosaic pic.twitter.com/CjNxSfvi6T,['jetblue'],[],['https://pbs.twimg.com/media/DlcES8QUUAA_fH9.jpg'],0,0,1,"['#jetblue', '#mosaic']",[],https://twitter.com/tgruber/status/1033299370219892737,FALSE,,0,,,,,,,"[{'user_id': '8573072', 'username': 'tgruber'}, {'user_id': '6449282', 'username': 'JetBlue'}]",,
1.03E+18,1.03E+18,1.54E+12,8/23/18,11:41:19,EDT,4519935736,scottdotdot,Scott Dot,,"Damn there's a surprising amount of legroom in the exit rows of an #embraer #e190.  (For scale I'm 6'4"").

@JetBlue #jetblue  pic.twitter.com/SwgtQaXtwx",['jetblue'],[],['https://pbs.twimg.com/media/DlS5WWAVAAALwC0.jpg'],1,0,1,"['#embraer', '#e190', '#jetblue']",[],https://twitter.com/ScottDotDot/status/1032654023730634752,FALSE,,0,,,,,,,"[{'user_id': '4519935736', 'username': 'ScottDotDot'}, {'user_id': '6449282', 'username': 'JetBlue'}]",,
1.03E+18,9.87E+17,1.53E+12,8/7/18,17:41:49,EDT,168820970,brookssista1,Brookssista1,,"Dunno about that. I‚Äôm jammed in a grounded AA flight from BOS to PHX at this moment. No TVs, cattle car legroom, Terminal B a dilapidated bus station. #JetBlue regrets",['americanair'],[],[],0,0,3,['#jetblue'],[],https://twitter.com/Brookssista1/status/1026946539787362304,FALSE,,0,,,,,,,"[{'user_id': '168820970', 'username': 'Brookssista1'}, {'user_id': '22536055', 'username': 'AmericanAir'}]",,
1.03E+18,1.03E+18,1.53E+12,8/3/18,0:08:44,EDT,285132969,jennvanduren,Jennifer Van Duren,,I fly @JetBlue for 3 reasons: in order - a TV; they don't overbook; pretty decent legroom. And when my number 1 reason for flying isn't working ... I'm super annoyed. My flight from SLC to JFK was already long and now really boring üòûüëé #JetBlue  pic.twitter.com/oaCLuLwC38,['jetblue'],[],['https://pbs.twimg.com/media/DjpbCj9XgAApAQb.jpg'],1,0,0,['#jetblue'],[],https://twitter.com/JennVanDuren/status/1025231972048805888,FALSE,,0,,,,,,,"[{'user_id': '285132969', 'username': 'JennVanDuren'}, {'user_id': '6449282', 'username': 'JetBlue'}]",,
1.02E+18,1.02E+18,1.53E+12,7/25/18,22:44:44,EDT,400789101,jeanyangny,Jeanyangny,,"Plan for #summer #vacation ? know the #airline that offers the most generous #legroom -> #JetBlue ! If you have to choose among #Delta #unitedair or #AmericanAirlines, Delta is the best bet as it has 9 seats/row vs. 10 seats/row on #UA & #AA (courtesy 2 today‚Äôs  #wsj ) pic.twitter.com/2n9UbF1tSV",[],[],"['https://pbs.twimg.com/media/Di_7FD2WwAERQgI.jpg', 'https://pbs.twimg.com/media/Di_7FD2XsAA2pAY.jpg']",0,0,0,"['#summer', '#vacation', '#airline', '#legroom', '#jetblue', '#delta', '#unitedair', '#americanairlines', '#ua', '#aa', '#wsj']",[],https://twitter.com/Jeanyangny/status/1022311731043946499,FALSE,,0,,,,,,,"[{'user_id': '400789101', 'username': 'Jeanyangny'}]",,
1.01E+18,1.01E+18,1.53E+12,6/28/18,22:59:08,EDT,1711079898,chargersair,Chargers Air Group,,The U.S. Airlines With the Most Legroom in Economy Class. #Aviation #US #Economy #JetBlue #Alaska  https://www.google.com/amp/s/lifehacker.com/the-u-s-airlines-with-the-most-legroom-in-economy-clas-1827175575/amp¬†‚Ä¶,[],['https://www.google.com/amp/s/lifehacker.com/the-u-s-airlines-with-the-most-legroom-in-economy-clas-1827175575/amp'],[],0,0,0,"['#aviation', '#us', '#economy', '#jetblue', '#alaska']",[],https://twitter.com/chargersair/status/1012530880064172032,FALSE,,0,,,,,,,"[{'user_id': '1711079898', 'username': 'chargersair'}]",,
1.01E+18,1.01E+18,1.53E+12,6/27/18,15:01:23,EDT,25181257,kimonflanagan,Kimon A's Flanagan,Gate A11B,I forgot how much more legroom #jetBlue economy has versus the now defunct #VirginAmerica. Plus the $5.60 I spent for this flight doesn't hurt! ‚Äì at Gate A11B,[],[],[],1,0,0,"['#jetblue', '#virginamerica']",[],https://twitter.com/kimonflanagan/status/1012048262591901696,FALSE,,0,,,,,,,"[{'user_id': '25181257', 'username': 'kimonflanagan'}]",,
1.01E+18,1.01E+18,1.53E+12,6/16/18,20:11:19,EDT,430131824,aroseestes,Amanda Estes,,Thank you @JetBlue for saving our 10th anniversary after another airline canceled our flight indefinitely! Every employee we met along the way went above and beyond. #customerservice #goldstar #jetblue #best #airline #legroom for days!  pic.twitter.com/c3iTDwf1bf,['jetblue'],[],['https://pbs.twimg.com/media/Df2h-uSX4AI2vOO.jpg'],1,0,0,"['#customerservice', '#goldstar', '#jetblue', '#best', '#airline', '#legroom']",[],https://twitter.com/ARoseEstes/status/1008139995755008002,FALSE,,0,,,,,,,"[{'user_id': '430131824', 'username': 'ARoseEstes'}, {'user_id': '6449282', 'username': 'JetBlue'}]",,
1.00E+18,1.00E+18,1.53E+12,6/1/18,13:09:46,EDT,21749754,ctotourism,CTO Official Page,,"Sponsoring #caribbeanweeknewyork2018, @jetblue offers flights to 90+ destinations with free in-flight entertainment, free brand-name snacks and drinks, lots of legroom and award winning service - book a flight on Jetblue for your next getaway! #jetblue #‚Ä¶  https://ift.tt/2LfQzsp¬† pic.twitter.com/z3heMkPzXf",['jetblue'],['https://ift.tt/2LfQzsp'],['https://pbs.twimg.com/media/DenxpavW0AEQQzI.jpg'],0,0,0,"['#caribbeanweeknewyork2018', '#jetblue']",[],https://twitter.com/ctotourism/status/1002598087238569985,FALSE,,0,,,,,,,"[{'user_id': '21749754', 'username': 'ctotourism'}, {'user_id': '6449282', 'username': 'JetBlue'}]",,
9.98E+17,9.98E+17,1.53E+12,5/20/18,20:21:46,EDT,9.64E+17,bijoytelivala,Bijoy Telivala,,@JetBlue love the legroom #jetblue #JFK seats however look old !!!,['jetblue'],[],[],0,0,0,"['#jetblue', '#jfk']",[],https://twitter.com/BijoyTelivala/status/998358150486069248,FALSE,,0,,,,,,,"[{'user_id': '964268621655695360', 'username': 'BijoyTelivala'}, {'user_id': '6449282', 'username': 'JetBlue'}]",,
9.93E+17,9.93E+17,1.53E+12,5/4/18,18:05:33,EDT,47430752,dremmons,Delia Emmons,,".@JetBlue Say it ain't so, #jetblue! You're taking a precious 2"" of my legroom for what??? Bigger Tv's? Bad decision. Folks like me fly JetBlue because you provide more legroom. Nobody picks an airline for their TVs. Please rethink that or, better still, poll your customers.",['jetblue'],[],[],0,0,0,['#jetblue'],[],https://twitter.com/dremmons/status/992525667362332672,FALSE,,0,,,,,,,"[{'user_id': '47430752', 'username': 'dremmons'}, {'user_id': '6449282', 'username': 'JetBlue'}]",,
9.93E+17,9.93E+17,1.53E+12,5/4/18,17:59:27,EDT,134987646,missmustang79,TheDowagerTrumpess,,"@JetBlue I heard you're taking away 2""of legroom for new TV screens?! Noooooo! I love you for the legroom! üò• #JetBlue",['jetblue'],[],[],1,0,0,['#jetblue'],[],https://twitter.com/missmustang79/status/992524130229669890,FALSE,,0,,,,,,,"[{'user_id': '134987646', 'username': 'missmustang79'}, {'user_id': '6449282', 'username': 'JetBlue'}]",,
9.92E+17,9.92E+17,1.53E+12,5/4/18,3:02:21,EDT,7.62E+17,marketorg,Market Org,,"JetBlue A320 Redesign Promises to Bring Wider Seats, More Legroom, and ‚ÄòHumanity‚Äô to Air Travel  http://tmn.dvolatility.com/2018/05/jetblue-a320-redesign-promises-to-bring.html¬†‚Ä¶ $JBLU #JetBlue",[],['http://tmn.dvolatility.com/2018/05/jetblue-a320-redesign-promises-to-bring.html'],[],0,0,0,['#jetblue'],['$jblu'],https://twitter.com/MarketOrg/status/992298367492374529,FALSE,,0,,,,,,,"[{'user_id': '761983468926492672', 'username': 'MarketOrg'}]",,
9.92E+17,9.92E+17,1.53E+12,5/3/18,22:59:57,EDT,1583426822,theflewshot,Flew Shot¬Æ‚úàÔ∏èüß≥,,"#JetBlue A320 redesign promises to bring wider seats, more legroom, and 'humanity' to air #travel  http://fortune.com/2018/05/03/jetblue-a320-redesign-change-seats/¬†‚Ä¶ via @FortuneMagazine",['fortunemagazine'],['http://fortune.com/2018/05/03/jetblue-a320-redesign-change-seats/'],[],0,0,0,"['#jetblue', '#travel']",[],https://twitter.com/theflewshot/status/992237366969384960,FALSE,,0,,,,,,,"[{'user_id': '1583426822', 'username': 'theflewshot'}, {'user_id': '25053299', 'username': 'FortuneMagazine'}]",,
9.92E+17,9.92E+17,1.53E+12,5/3/18,18:35:10,EDT,9.01E+17,nationbb,National Broadband,,"More legroom is definitely a bonus, but having a 10"" personal screen, gaming remotes and cushy seats - Jet Blue's restyled plane is leading the way in how airline travel should be!  #JetBlue #A320 http://ow.ly/fAWl30jOXLM¬†",[],['http://ow.ly/fAWl30jOXLM'],[],0,0,1,"['#jetblue', '#a320']",[],https://twitter.com/nationbb/status/992170731235696640,FALSE,,0,,,,,,,"[{'user_id': '901143085261967360', 'username': 'nationbb'}]",,
9.89E+17,9.89E+17,1.52E+12,4/26/18,5:18:45,EDT,5741822,pwscott,Philip Scott,,Used to love @jetblue but such rude and unhelpful treatment at the BWI ticketing from woman seemed be supervisor. On top of that I paid for Even More Legroom and now I'm told they don't even offer that here at BWI this morning. #JetBlue #rude #fail #wastedmoney,['jetblue'],[],[],1,0,0,"['#jetblue', '#rude', '#fail', '#wastedmoney']",[],https://twitter.com/pwscott/status/989433591447900160,FALSE,,0,,,,,,,"[{'user_id': '5741822', 'username': 'pwscott'}, {'user_id': '6449282', 'username': 'JetBlue'}]",,
9.83E+17,9.83E+17,1.52E+12,4/9/18,7:05:58,EDT,3349011035,jonthepcgamer,Whiskey_Wagon,,Ugh 6am flights but at least #JetBlue has good coffee and lots of legroom.  pic.twitter.com/cIu4MWGZwf,[],[],['https://pbs.twimg.com/media/DaViFziVAAYAD7k.jpg'],0,0,5,['#jetblue'],[],https://twitter.com/JonThePCGamer/status/983299979207946240,FALSE,,0,,,,,,,"[{'user_id': '3349011035', 'username': 'JonThePCGamer'}]",,
9.82E+17,9.82E+17,1.52E+12,4/4/18,15:08:21,EDT,236961214,jenblogs4u,Jen Miller,,"Working and playing in #Portland and #Vancouver this week and grateful to fly #JetBlue As TrueBlue Truth #4 says, ‚ÄúOne can never have too many perks or too much legroom.‚Äù Thank you @JetBlue #jetbluesofly pic.twitter.com/kLi1EBic2f",['jetblue'],[],['https://pbs.twimg.com/media/DZ9gjqpVQAAqQO_.jpg'],1,0,1,"['#portland', '#vancouver', '#jetblue', '#jetbluesofly']",[],https://twitter.com/JenBlogs4U/status/981609436983721989,FALSE,,0,,,,,,,"[{'user_id': '236961214', 'username': 'JenBlogs4U'}, {'user_id': '6449282', 'username': 'JetBlue'}]",,
9.81E+17,9.81E+17,1.52E+12,4/2/18,15:01:33,EDT,31145285,gtmag,Global Traveler,,"Amid long overdue #interiorupgrades, #JetBlue downgrades #legroom. #globility #airlineupdates  http://globaltravelerusa.com/changes-to-jetblue-interiors-include-decreased-legroom/¬†‚Ä¶ pic.twitter.com/PcrfVIjmxJ",[],['http://globaltravelerusa.com/changes-to-jetblue-interiors-include-decreased-legroom/'],['https://pbs.twimg.com/media/DZzL15TU8AAw2wC.jpg'],0,0,0,"['#interiorupgrades', '#jetblue', '#legroom', '#globility', '#airlineupdates']",[],https://twitter.com/GTmag/status/980882948248489984,FALSE,,0,,,,,,,"[{'user_id': '31145285', 'username': 'GTmag'}]",,
9.74E+17,9.74E+17,1.52E+12,3/15/18,15:25:38,EDT,3047839094,sueyon_kim,Sue Y. Kim,,"I've been flying before I could run and have tried every domestic airline. My favorite? @JetBlue . It's 2018 on JetBlue. Their snacks, the quality of the in-flight service, the customer service when you call in, the legroom, the free wifi, etc. Fly #jetblue. You won't regret it.",['jetblue'],[],[],1,0,1,['#jetblue'],[],https://twitter.com/sueyon_kim/status/974366027445362688,FALSE,,0,,,,,,,"[{'user_id': '3047839094', 'username': 'sueyon_kim'}, {'user_id': '6449282', 'username': 'JetBlue'}]",,
9.60E+17,9.60E+17,1.52E+12,2/3/18,22:12:28,EDT,327004636,mizshan71,Shanda,,"35k feet up, enjoying the free Fly-Fi, ample legroom, delicious and plentiful snacks, and friendly crew. Always happy to fly @JetBlue. #trueblue #jetblue #easyflying",['jetblue'],[],[],0,0,3,"['#trueblue', '#jetblue', '#easyflying']",[],https://twitter.com/MizShan71/status/959987997306511360,FALSE,,0,,,,,,,"[{'user_id': '327004636', 'username': 'MizShan71'}, {'user_id': '6449282', 'username': 'JetBlue'}]",,
9.58E+17,9.58E+17,1.52E+12,1/29/18,8:25:02,EDT,8.32E+17,shawnda_kc,The Traveling Maven,,JetBlue Has Started Shrinking Legroom and Upgrading Interiors on Its Older Aircraft #airtravel #JetBlue  https://skift.com/2018/01/25/jetblue-has-started-shrinking-legroom-and-upgrading-interiors-on-its-older-aircraft/¬†‚Ä¶ via @Skift,['skift'],['https://skift.com/2018/01/25/jetblue-has-started-shrinking-legroom-and-upgrading-interiors-on-its-older-aircraft/'],[],0,0,0,"['#airtravel', '#jetblue']",[],https://twitter.com/Shawnda_KC/status/957967825779511296,FALSE,,0,,,,,,,"[{'user_id': '832340825421942784', 'username': 'Shawnda_KC'}, {'user_id': '374822255', 'username': 'skift'}]",,
9.57E+17,9.57E+17,1.52E+12,1/27/18,20:55:19,EDT,2780242329,shimmysburps,shimmy,,#American And #JetBlue Roll Out Ultra-Dense #Aircraft With Tighter Legroom‚Ä¶ -  https://www.forbes.com/sites/grantmartin/2018/01/27/american-and-jetblue-roll-out-ultra-dense-aircraft-with-tighter-legroom-and-tiny-bathrooms/?shr=t¬†‚Ä¶,[],['https://www.forbes.com/sites/grantmartin/2018/01/27/american-and-jetblue-roll-out-ultra-dense-aircraft-with-tighter-legroom-and-tiny-bathrooms/?shr=t'],[],0,0,0,"['#american', '#jetblue', '#aircraft']",[],https://twitter.com/ShimmysBurps/status/957431866977636352,FALSE,,0,,,,,,,"[{'user_id': '2780242329', 'username': 'ShimmysBurps'}]",,
9.57E+17,9.57E+17,1.52E+12,1/27/18,19:08:15,EDT,84858300,jimbo_lawson,Jim Lawson,,Lovely..... #American And #JetBlue Roll Out Ultra-Dense Aircraft With Tighter Legroom And Tiny Bathrooms via @forbes https://www.forbes.com/sites/grantmartin/2018/01/27/american-and-jetblue-roll-out-ultra-dense-aircraft-with-tighter-legroom-and-tiny-bathrooms/#4ec6bf1032f6¬†‚Ä¶,['forbes'],['https://www.forbes.com/sites/grantmartin/2018/01/27/american-and-jetblue-roll-out-ultra-dense-aircraft-with-tighter-legroom-and-tiny-bathrooms/#4ec6bf1032f6'],[],0,0,0,"['#american', '#jetblue']",[],https://twitter.com/jimbo_lawson/status/957404919077613568,FALSE,,0,,,,,,,"[{'user_id': '84858300', 'username': 'jimbo_lawson'}, {'user_id': '91478624', 'username': 'Forbes'}]",,
9.56E+17,9.56E+17,1.52E+12,1/24/18,10:13:48,EDT,2353520335,meanie_donut,üëªDonut DuetüéÉ,,Idk.. We flew #JetBlue back home from the holidays and the customer service on flight was well below average. The worst we'd ever experienced flying. But legroom is worth it!,[],[],[],0,0,0,['#jetblue'],[],https://twitter.com/meanie_donut/status/956183260249210880,FALSE,,0,,,,,,,"[{'user_id': '2353520335', 'username': 'meanie_donut'}]",,
9.56E+17,9.56E+17,1.52E+12,1/23/18,18:27:32,EDT,2688144900,koenitweets,Steve Koenigsberg,Boston Logan International Airport (BOS),"@JetBlue Didn‚Äôt want to believe the rankings but legroom is shrinking, planes are filthier than ever and frequently broken like my tray.  Please credit back my upgrade points and then some and please bring the Jet Blue Experience back!!!! #jetblue #mosaic #wsj ‚Äì at Boston Logan International Airport (BOS)",['jetblue'],[],[],2,0,0,"['#jetblue', '#mosaic', '#wsj']",[],https://twitter.com/koenitweets/status/955945122000228352,FALSE,,0,,,,,,,"[{'user_id': '2688144900', 'username': 'koenitweets'}, {'user_id': '6449282', 'username': 'JetBlue'}]",,
9.54E+17,9.54E+17,1.52E+12,1/17/18,7:37:08,EDT,73474374,jenniferpricci,·íçE·ëé·ëéI·ñ¥E·ñá ·ë≠·ñáI·ëï·ëïI,,"FU @JetBlue I‚Äôve been loyal since U were born. I pay thru nose cuz u don‚Äôt fly out of my local + xtra legroom. And today... ZERO COMPASSION. $200 in xtra fees. 

Hey @NAMMShow DonT fly #jetblue penny pinchers. #nammshow & FlyFi NEVER WORKS. EVER

That‚Äôs 100K people @JetBlue ü§¨","['jetblue', 'nammshow']",[],[],1,0,0,"['#jetblue', '#nammshow']",[],https://twitter.com/jenniferpricci/status/953607115863621633,FALSE,,0,,,,,,,"[{'user_id': '73474374', 'username': 'jenniferpricci'}, {'user_id': '6449282', 'username': 'JetBlue'}, {'user_id': '42257680', 'username': 'NAMMShow'}]",,
9.51E+17,9.51E+17,1.52E+12,1/8/18,21:31:44,EDT,73474374,jenniferpricci,·íçE·ëé·ëéI·ñ¥E·ñá ·ë≠·ñáI·ëï·ëïI,,"That‚Äôs an awesome story. I‚Äôve always been phobic. I only fly @JetBlue - they were first to have the channel w/speed & altitude so if I heard/felt something I could see what changed and justify it in my head. Plus, good service & legroom. Remember me next week #JetBlue JFK to LAX","['briankoppelman', 'jetblue']",[],[],0,0,0,['#jetblue'],[],https://twitter.com/jenniferpricci/status/950555658490974213,FALSE,,0,,,,,,,"[{'user_id': '73474374', 'username': 'jenniferpricci'}, {'user_id': '16737406', 'username': 'briankoppelman'}, {'user_id': '6449282', 'username': 'JetBlue'}]",,
9.50E+17,9.50E+17,1.52E+12,1/7/18,19:07:03,EDT,251291980,loureda64,Lou Reda,,"Of course. There is a major issue with airlines these days. Too little legroom, tight connections, waiting for people from these connections as well as major indifference from government to protect flyers. Hello #Delta #united  Much love #JetBlue  https://twitter.com/gersonborrero/status/950155788504453120¬†‚Ä¶",[],['https://twitter.com/gersonborrero/status/950155788504453120'],[],0,0,0,"['#delta', '#united', '#jetblue']",[],https://twitter.com/loureda64/status/950156859511623680,FALSE,https://twitter.com/GersonBorrero/status/950155788504453120,0,,,,,,,"[{'user_id': '251291980', 'username': 'loureda64'}]",,
9.50E+17,9.50E+17,1.52E+12,1/7/18,9:01:09,EDT,1002607999,oriolbrull,Oriol Brull üéó,,"Out of all the airlines I‚Äôve flown with, both national and international, @JetBlue is by far the best! Love the service, extra legroom on economy seats and the free WiFi. Did I say that it‚Äôs only $50 each way to bring my bike? #JetBlue",['jetblue'],[],[],2,0,19,['#jetblue'],[],https://twitter.com/OriolBrull/status/950004381503680513,FALSE,,0,,,,,,,"[{'user_id': '1002607999', 'username': 'OriolBrull'}, {'user_id': '6449282', 'username': 'JetBlue'}]",,
9.49E+17,9.49E+17,1.52E+12,1/3/18,16:33:49,EDT,15963594,ricfink,Ric Fink,,".@united is TOTALLY FUCKED!!!!!!
Ride #SouthwestAirlines if you can, MORE leg room and width.
Ride #JetBlue if you can't ride Southwest. Just a bit less legroom.
#United is a Dog Airline that cares NOTHING for your comfort. Take-ALL is their philosophy. http://www.sfgate.com/travel/article/United-cramming-even-more-seats-onto-planes-12468937.php¬†‚Ä¶",['united'],['http://www.sfgate.com/travel/article/United-cramming-even-more-seats-onto-planes-12468937.php'],[],0,0,0,"['#southwestairlines', '#jetblue', '#united']",[],https://twitter.com/ricfink/status/948668748726087680,FALSE,,0,,,,,,,"[{'user_id': '15963594', 'username': 'ricfink'}, {'user_id': '260907612', 'username': 'united'}]",,
9.45E+17,9.45E+17,1.51E+12,12/24/17,10:10:30,EDT,211840817,jacksonplace,Deb,,#JetBlue This is so worth mentioning. JetBlue just completely amazed me with their customer service. I was able to change my flight for bereavement at no cost and add two more tickets for 25 percent off the lowest fare. Additionally extended legroom free bag check TSA pre-check,[],[],[],1,0,0,['#jetblue'],[],https://twitter.com/jacksonplace/status/944948405976973313,FALSE,,0,,,,,,,"[{'user_id': '211840817', 'username': 'jacksonplace'}]",,
9.38E+17,9.38E+17,1.51E+12,12/4/17,20:47:16,EDT,17174715,adverlicious,advertising archive,,"[#advertising archive] #jetBlue Card From American Express ""Extra Legroom Please"" #300x2  http://bit.ly/1IgZuot¬† #airlines #americanexpress",[],['http://bit.ly/1IgZuot'],[],0,0,0,"['#advertising', '#jetblue', '#300x2', '#airlines', '#americanexpress']",[],https://twitter.com/adverlicious/status/937860894842908674,FALSE,,0,,,,,,,"[{'user_id': '17174715', 'username': 'adverlicious'}]",,
9.32E+17,9.32E+17,1.51E+12,11/19/17,23:00:03,EDT,249244734,buckacosta,Buck Acosta,,How am I ever going to back after #Flying #Mint #FirstClass on #JetBlue #LegRoom #MassageChair #GoodLife pic.twitter.com/i7SsiCworS,[],[],['https://pbs.twimg.com/media/DPDB_PDVQAE9jJo.jpg'],0,0,3,"['#flying', '#mint', '#firstclass', '#jetblue', '#legroom', '#massagechair', '#goodlife']",[],https://twitter.com/buckacosta/status/932458491180208134,FALSE,,0,,,,,,,"[{'user_id': '249244734', 'username': 'buckacosta'}]",,
9.31E+17,9.31E+17,1.51E+12,11/14/17,14:16:39,EDT,16461805,sweetmissy220,Melissa,,This newly minted @JetBlue Mosaic member is feeling quite spoiled already! Going home on an earlier flight in an even more legroom seat. Thanks #JetBlue #lovejetblue #TrueBlue,['jetblue'],[],[],1,2,9,"['#jetblue', '#lovejetblue', '#trueblue']",[],https://twitter.com/SweetMissy220/status/930514837267812352,FALSE,,0,,,,,,,"[{'user_id': '16461805', 'username': 'SweetMissy220'}, {'user_id': '6449282', 'username': 'JetBlue'}]",,
9.28E+17,9.28E+17,1.51E+12,11/6/17,20:20:48,EDT,78568928,amy_lou_hall,Amy Hall,,Was surprised how much legroom you get on a #JetBlue flight  https://twitter.com/nytimes/status/927706424062500865¬†‚Ä¶,[],['https://twitter.com/nytimes/status/927706424062500865'],[],1,0,0,['#jetblue'],[],https://twitter.com/Amy_Lou_Hall/status/927707374500139008,FALSE,https://twitter.com/nytimes/status/927706424062500865,0,,,,,,,"[{'user_id': '78568928', 'username': 'Amy_Lou_Hall'}]",,
9.17E+17,9.17E+17,1.51E+12,10/9/17,16:42:39,EDT,180166095,murrayontravel,Murray On Travel,,"JetBlue Preview: More Seats, Less Legroom, Article:  http://ow.ly/m8OS30fHnaQ¬† via: @SmarterTravel #travel #JetBlue @JetBlue","['smartertravel', 'jetblue']",['http://ow.ly/m8OS30fHnaQ'],[],0,0,1,"['#travel', '#jetblue']",[],https://twitter.com/murrayontravel/status/917490515381235712,FALSE,,0,,,,,,,"[{'user_id': '180166095', 'username': 'murrayontravel'}, {'user_id': '14132853', 'username': 'SmarterTravel'}, {'user_id': '6449282', 'username': 'JetBlue'}]",,
9.17E+17,9.17E+17,1.51E+12,10/9/17,15:10:35,EDT,8.02E+17,iashleyrichards,Ashley Richardson,,"JetBlue Preview: More Seats, Less Legroom, Article:  http://ow.ly/m8OS30fHnaQ¬† via: SmarterTravel #travel #JetBlue JetBlue",[],['http://ow.ly/m8OS30fHnaQ'],[],0,0,0,"['#travel', '#jetblue']",[],https://twitter.com/iashleyrichards/status/917467345802747905,FALSE,,0,,,,,,,"[{'user_id': '801766637066211328', 'username': 'iashleyrichards'}]",,
9.17E+17,9.17E+17,1.51E+12,10/9/17,15:05:15,EDT,181268935,thetblogger,Travel Blogger .com,,"JetBlue Preview: More Seats, Less Legroom, Article:  http://ow.ly/m8OS30fHnaQ¬† via: @SmarterTravel #travel #JetBlue @JetBlue","['smartertravel', 'jetblue']",['http://ow.ly/m8OS30fHnaQ'],[],0,1,0,"['#travel', '#jetblue']",[],https://twitter.com/thetblogger/status/917466003361206272,FALSE,,0,,,,,,,"[{'user_id': '181268935', 'username': 'thetblogger'}, {'user_id': '14132853', 'username': 'SmarterTravel'}, {'user_id': '6449282', 'username': 'JetBlue'}]",,
9.17E+17,9.17E+17,1.51E+12,10/7/17,16:35:37,EDT,23249514,here2theretrav,Here2there Travel,,"Jetblue Preview: More seats, less legroom #airlinenews #jetblue  http://fb.me/yz7vDeTU¬†",[],['http://fb.me/yz7vDeTU'],[],0,0,0,"['#airlinenews', '#jetblue']",[],https://twitter.com/here2theretrav/status/916763968038887424,FALSE,,0,,,,,,,"[{'user_id': '23249514', 'username': 'here2theretrav'}]",,
9.13E+17,9.13E+17,1.51E+12,9/28/17,14:26:05,EDT,2790319231,allanfromen,Allan Fromen,,"#JetBlue to redesign cabins with mood lighting, per @VirginAmerica. Hope legroom won't shrink too much. #CX #design  https://www.bloomberg.com/news/articles/2017-09-28/jetblue-wants-you-to-be-happy-with-less-space¬†‚Ä¶",['virginamerica'],['https://www.bloomberg.com/news/articles/2017-09-28/jetblue-wants-you-to-be-happy-with-less-space'],[],0,0,1,"['#jetblue', '#cx', '#design']",[],https://twitter.com/allanfromen/status/913469879772213250,FALSE,,0,,,,,,,"[{'user_id': '2790319231', 'username': 'allanfromen'}, {'user_id': '12101862', 'username': 'VirginAmerica'}]",,
9.13E+17,9.13E+17,1.51E+12,9/27/17,13:46:18,EDT,3433860023,liveandlovelal,Kenyatta Voin√© üí´üíóüíúüíôüí´,,Gotta love @JetBlue for having decent legroom and in air WiFi üôåüèæ Perfect for flying with kids üôèüèæ‚ò∫Ô∏è #JetBlue ‚úàÔ∏è,['jetblue'],[],[],1,0,3,['#jetblue'],[],https://twitter.com/Liveandlovelal/status/913097480534990848,FALSE,,0,,,,,,,"[{'user_id': '3433860023', 'username': 'Liveandlovelal'}, {'user_id': '6449282', 'username': 'JetBlue'}]",,
9.01E+17,9.01E+17,1.50E+12,8/26/17,12:11:04,EDT,326513572,leonbarsoumian,Leon Barsoumian,,Thanks #jetblue for keeping legroom at humane distance. #happycustomer. @JetBlue pic.twitter.com/WHgZHWCT3J,['jetblue'],[],['https://pbs.twimg.com/media/DIKwpDHUIAIH96O.jpg'],1,0,0,"['#jetblue', '#happycustomer']",[],https://twitter.com/leonbarsoumian/status/901477103694163969,FALSE,,0,,,,,,,"[{'user_id': '326513572', 'username': 'leonbarsoumian'}, {'user_id': '6449282', 'username': 'JetBlue'}]",,
8.99E+17,8.99E+17,1.50E+12,8/18/17,22:02:15,EDT,24216002,dasindonna,Donna,,"@JetBlue Just verifying, paying $50 for extra legroom & priority boarding doesn't include a checked bag? #JetBlue #baggage #airlinenews",['jetblue'],[],[],2,0,0,"['#jetblue', '#baggage', '#airlinenews']",[],https://twitter.com/dasindonna/status/898726775966113797,FALSE,,0,,,,,,,"[{'user_id': '24216002', 'username': 'dasindonna'}, {'user_id': '6449282', 'username': 'JetBlue'}]",,
8.96E+17,8.96E+17,1.50E+12,8/12/17,18:03:02,EDT,4755892534,wine30flight,WineThirty Flight,,"Always remember you want seats at back of @JetBlue #airplane. They board first üòÄgreat legroom, even back here. #travel #airportlife #JetBlue  pic.twitter.com/PSnV3fgtwe",['jetblue'],[],['https://pbs.twimg.com/media/DHD68S_UwAEts-6.jpg'],0,0,0,"['#airplane', '#travel', '#airportlife', '#jetblue']",[],https://twitter.com/Wine30Flight/status/896492248715612161,FALSE,,0,,,,,,,"[{'user_id': '4755892534', 'username': 'Wine30Flight'}, {'user_id': '6449282', 'username': 'JetBlue'}]",,
8.96E+17,8.96E+17,1.50E+12,8/10/17,19:29:38,EDT,20119599,palemian,Peter A. Alemian,,Ft Lauderdale client + #jetblue extra legroom = Ahhhh.  pic.twitter.com/HI9vjwKzMc,[],[],['https://pbs.twimg.com/media/DG57lubW0AMn8O0.jpg'],0,0,4,['#jetblue'],[],https://twitter.com/palemian/status/895789266357432320,FALSE,,0,,,,,,,"[{'user_id': '20119599', 'username': 'palemian'}]",,
8.95E+17,8.95E+17,1.50E+12,8/9/17,21:19:25,EDT,35569506,enghelberg,HEDI ENGHELBERG,,"Congrats for #JetBlue flight from FTL to Cancun, Mx: good legroom, good seats, excellent digital entertainment, good on-board service.",[],[],[],0,0,1,['#jetblue'],[],https://twitter.com/ENGHELBERG/status/895454506636292096,FALSE,,0,,,,,,,"[{'user_id': '35569506', 'username': 'ENGHELBERG'}]",,
8.95E+17,8.95E+17,1.50E+12,8/8/17,7:39:21,EDT,17487361,nandoprudhomme,CyanSkies,,"Last minute free upgrade to an Even More Legroom emergency aisle seat? Sure, I'll take it! Thanks #JetBlue!",[],[],[],0,0,8,['#jetblue'],[],https://twitter.com/NandoPrudhomme/status/894885742563831808,FALSE,,0,,,,,,,"[{'user_id': '17487361', 'username': 'NandoPrudhomme'}]",,
8.94E+17,8.94E+17,1.50E+12,8/5/17,11:31:36,EDT,8.58E+17,thelinetrek,The Line Trek,,"Just used our new #jetblue #mosaic status to get ""even more legroom"" for 700 points per passenger to #Cartagena - a $120 value. #traveldeals",[],[],[],0,1,7,"['#jetblue', '#mosaic', '#cartagena', '#traveldeals']",[],https://twitter.com/thelinetrek/status/893857026677379072,FALSE,,0,,,,,,,"[{'user_id': '857653929777274881', 'username': 'thelinetrek'}]",,
8.90E+17,8.90E+17,1.50E+12,7/25/17,17:48:10,EDT,15570999,gnawaihtnyc,Cynthia Wang,,"I've been flying too many budget airlines lately. #JetBlue has legroom, inflight entertainment, free beverages and snacks, and FREE WIFI. A‚Ä¶",[],[],[],0,0,1,['#jetblue'],[],https://twitter.com/gnawaihtnyc/status/889965525568286721,FALSE,,0,,,,,,,"[{'user_id': '15570999', 'username': 'gnawaihtnyc'}]",,
8.88E+17,8.88E+17,1.50E+12,7/19/17,0:03:29,EDT,22101243,perfectreign,Kai Ponte,,"Just became a #JetBlue convert. So far, only airline with actual legroom.  pic.twitter.com/EKmwPjMuG4",[],[],['https://pbs.twimg.com/media/DFEds-mXsAANXi5.jpg'],0,0,2,['#jetblue'],[],https://twitter.com/PerfectReign/status/887523262544179200,FALSE,,0,,,,,,,"[{'user_id': '22101243', 'username': 'PerfectReign'}]",,
8.86E+17,8.86E+17,1.50E+12,7/14/17,16:26:49,EDT,7.84E+17,wayneclifford61,Wayne Clifford,,"#JetBlue he'll trip. Flight delayed four times last night, cancelled last minute. Now no xtra legroom seat I paid for. Pissed at JetBlue.",[],[],[],3,0,0,['#jetblue'],[],https://twitter.com/wayneclifford61/status/885958784392118273,FALSE,,0,,,,,,,"[{'user_id': '783710502698352641', 'username': 'wayneclifford61'}]",,
8.78E+17,8.78E+17,1.50E+12,6/23/17,17:45:47,EDT,3379041964,blankavr,Blanka van Raalte,,Look at all this legroom. Thank you #JetBlue  pic.twitter.com/KdNt1GvW9b,[],[],['https://pbs.twimg.com/media/DDCXbgMXcAglPC4.jpg'],0,0,7,['#jetblue'],[],https://twitter.com/BlankaVR/status/878368515060711424,FALSE,,0,,,,,,,"[{'user_id': '3379041964', 'username': 'BlankaVR'}]",,
8.78E+17,8.78E+17,1.50E+12,6/22/17,18:16:17,EDT,219982437,nd07950,nora donoher,,"Thanks #JetBlue for the great flight from JFK to Charlestown SC! More legroom, great flight staff and we landed EARLY!!!",[],[],[],0,0,0,['#jetblue'],[],https://twitter.com/nd07950/status/878013800296919041,FALSE,,0,,,,,,,"[{'user_id': '219982437', 'username': 'nd07950'}]",,
8.78E+17,8.78E+17,1.50E+12,6/22/17,18:10:04,EDT,1140455612,theandrewbasore,Drew,,All that legroom leaves more room for dots! #FunkySockThursday #welp #jetblue  pic.twitter.com/iVjrNpW2E7,"['jzabransky', 'jpstampjr', 'm_ketcher', 'louieanthony', 'hellojetblue', 'jasonannunziata', 'jb_dannycox', 'broncoman78', 'gwittty']",[],['https://pbs.twimg.com/media/DC9TQsfXYAAf45L.jpg'],1,0,7,"['#funkysockthursday', '#welp', '#jetblue']",[],https://twitter.com/theandrewbasore/status/878012237964881925,FALSE,,0,,,,,,,"[{'user_id': '1140455612', 'username': 'theandrewbasore'}, {'user_id': '458949419', 'username': 'JZabransky'}, {'user_id': '803286046423351298', 'username': 'JPStampJr'}, {'user_id': '63260828', 'username': 'M_Ketcher'}, {'user_id': '63228212', 'username': 'louieanthony'}, {'user_id': '47382142', 'username': 'HelloJetBlue'}, {'user_id': '1586992837', 'username': 'JasonAnnunziata'}, {'user_id': '364971101', 'username': 'JB_DannyCox'}, {'user_id': '37494249', 'username': 'broncoman78'}, {'user_id': '222340136', 'username': 'Gwittty'}]",,
8.78E+17,8.78E+17,1.50E+12,6/22/17,18:07:02,EDT,219982437,nd07950,nora donoher,,Thank you again #JetBlue for a seamless boarding and all of the legroom (4pm JFK to Charleston SC flight),[],[],[],0,0,0,['#jetblue'],[],https://twitter.com/nd07950/status/878011474534424576,FALSE,,0,,,,,,,"[{'user_id': '219982437', 'username': 'nd07950'}]",,
8.74E+17,8.74E+17,1.50E+12,6/11/17,11:41:57,EDT,3038863202,kelleyjlarsen,Kelley Larsen,,@JetBlue coming in clutch with the extra legroom after a long weekend of competing in #avpnyc! üôåüèºüôåüèº #comfyseats #bestsnacks #jetblue,['jetblue'],[],[],1,1,6,"['#avpnyc', '#comfyseats', '#bestsnacks', '#jetblue']",[],https://twitter.com/KelleyJLarsen/status/873928295926173696,FALSE,,0,,,,,,,"[{'user_id': '3038863202', 'username': 'KelleyJLarsen'}, {'user_id': '6449282', 'username': 'JetBlue'}]",,
8.67E+17,8.67E+17,1.50E+12,5/22/17,23:43:07,EDT,20119599,palemian,Peter A. Alemian,,"Air Force One has nothing on me. I'm in my Mobile office: #jetblue with wifi, TV, #dunkinicedcoffee and extra legroom. Top that Mr. Pres",[],[],[],0,0,5,"['#jetblue', '#dunkinicedcoffee']",[],https://twitter.com/palemian/status/866862029138784256,FALSE,,0,,,,,,,"[{'user_id': '20119599', 'username': 'palemian'}]",,
8.63E+17,8.63E+17,1.49E+12,5/13/17,6:14:08,EDT,67451183,dancethrob,Sizzles,,So much legroom!! #jetblue #travel #travellife  https://www.instagram.com/p/BUB13ndFmP9/¬†,[],['https://www.instagram.com/p/BUB13ndFmP9/'],[],0,0,0,"['#jetblue', '#travel', '#travellife']",[],https://twitter.com/dancethrob/status/863336549655732224,FALSE,,0,,,,,,,"[{'user_id': '67451183', 'username': 'dancethrob'}]",,
8.61E+17,8.61E+17,1.49E+12,5/5/17,12:00:08,EDT,54357331,smartcars1,"SMART Cars, Inc.",,#JetBlue leads in legroom for coach flyers:  http://www.smartbrief.com/s/2017/05/jetblue-leads-legroom-coach-flyers¬†‚Ä¶ #biztravel #businesstravel #travelagent pic.twitter.com/chHeHAIqEP,[],['http://www.smartbrief.com/s/2017/05/jetblue-leads-legroom-coach-flyers'],['https://pbs.twimg.com/media/C_BxksYVoAA6EtR.jpg'],0,0,0,"['#jetblue', '#biztravel', '#businesstravel', '#travelagent']",[],https://twitter.com/smartcars1/status/860524522553843713,FALSE,,0,,,,,,,"[{'user_id': '54357331', 'username': 'smartcars1'}]",,
8.60E+17,8.60E+17,1.49E+12,5/5/17,6:47:45,EDT,2494326104,kathryn_nyc,Kathryn J,,@JetBlue I would hope they clean the chairs esp after paying extra for even more legroom :/ #jetblue  pic.twitter.com/xp2UiQ4Eqx,['jetblue'],[],['https://pbs.twimg.com/media/C_Dq_nEWAAQLkNV.jpg'],1,0,0,['#jetblue'],[],https://twitter.com/Kathryn_NYC/status/860445909813006337,FALSE,,0,,,,,,,"[{'user_id': '2494326104', 'username': 'Kathryn_NYC'}, {'user_id': '6449282', 'username': 'JetBlue'}]",,
8.60E+17,8.60E+17,1.49E+12,5/3/17,18:37:57,EDT,3374831182,easternholistic,DrHackett,,@AmericanAir cut my #legroom? No problem. I'll fly #JetBlue instead bc they üíô their customers. Stop treating people like cattle.  #skysubway,['americanair'],[],[],0,0,0,"['#legroom', '#jetblue', '#skysubway']",[],https://twitter.com/EasternHolistic/status/859899861277323265,FALSE,,0,,,,,,,"[{'user_id': '3374831182', 'username': 'EasternHolistic'}, {'user_id': '22536055', 'username': 'AmericanAir'}]",,
8.60E+17,8.60E+17,1.49E+12,5/3/17,11:36:36,EDT,15776975,k_b,K_B,,I LOVE flying @JetBlue happiest staff and cabin crew and most legroom #jetblue rocks #trueblue,['jetblue'],[],[],1,1,1,"['#jetblue', '#trueblue']",[],https://twitter.com/K_B/status/859793824616513536,FALSE,,0,,,,,,,"[{'user_id': '15776975', 'username': 'K_B'}, {'user_id': '6449282', 'username': 'JetBlue'}]",,
8.58E+17,8.58E+17,1.49E+12,4/27/17,6:01:55,EDT,590001700,jayssequeira,Jay Sequeira,,On time departure to PUJ. I love #JetBlue legroom.,[],[],[],0,0,0,['#jetblue'],[],https://twitter.com/JaySSequeira/status/857535272183091200,FALSE,,0,,,,,,,"[{'user_id': '590001700', 'username': 'JaySSequeira'}]",,
8.53E+17,8.53E+17,1.49E+12,4/15/17,17:56:25,EDT,394948790,stevenrosinski,Dr. Steven Rosinski,,"Thanks @JetBlue for the great ride, free wifi and plenty of legroom as I prep for @bostonmarathon Monday! #jetblue #adventure #running #fun","['jetblue', 'bostonmarathon']",[],[],2,0,2,"['#jetblue', '#adventure', '#running', '#fun']",[],https://twitter.com/StevenRosinski/status/853366426438074369,FALSE,,0,,,,,,,"[{'user_id': '394948790', 'username': 'StevenRosinski'}, {'user_id': '6449282', 'username': 'JetBlue'}, {'user_id': '111037335', 'username': 'bostonmarathon'}]",,
8.52E+17,8.52E+17,1.49E+12,4/12/17,19:16:52,EDT,1676667607,thenxtgentleman,The Next Gentleman,,Two @JetBlue flights in a row and nobody sits next to me. I even wore deodorant today! #JetBlue #loneliness #legroom,['jetblue'],[],[],1,0,4,"['#jetblue', '#loneliness', '#legroom']",[],https://twitter.com/thenxtgentleman/status/852299508973260800,FALSE,,0,,,,,,,"[{'user_id': '1676667607', 'username': 'thenxtgentleman'}, {'user_id': '6449282', 'username': 'JetBlue'}]",,
8.51E+17,8.51E+17,1.49E+12,4/10/17,10:39:06,EDT,25080175,tidegp,Tide,,"If you are able‚Äîgive #JetBlue a shot.  Seats remind me of seats from the 70‚Äôs.  Full size, nominal fee for extra legroom. Efficient service.","['narrativehater', 'rizolltizide', 'united']",[],[],0,0,2,['#jetblue'],[],https://twitter.com/TideGP/status/851444432876564480,FALSE,,0,,,,,,,"[{'user_id': '25080175', 'username': 'TideGP'}, {'user_id': '839587261637357569', 'username': 'NarrativeHater'}, {'user_id': '864480582549557248', 'username': 'rizolltizide'}, {'user_id': '260907612', 'username': 'united'}]",,
8.49E+17,8.49E+17,1.49E+12,4/2/17,19:38:37,EDT,2938631710,murkymarshes,Sam,,"""Legroom: How airlines compare"" #travel #traveltheworld #delta #jetblue #spiritairlines  http://cnnmon.ie/1w1V4IP¬† via @CNNMoney",['cnnmoney'],['http://cnnmon.ie/1w1V4IP'],[],0,0,0,"['#travel', '#traveltheworld', '#delta', '#jetblue', '#spiritairlines']",[],https://twitter.com/murkymarshes/status/848681104085327872,FALSE,,0,,,,,,,"[{'user_id': '2938631710', 'username': 'murkymarshes'}, {'user_id': '1044606986946531328', 'username': 'CNNMoney'}]",,
8.41E+17,8.41E+17,1.49E+12,3/12/17,19:24:34,EDT,1583426822,theflewshot,Flew Shot¬Æ‚úàÔ∏èüß≥,,Here's a guide to how much legroom you get on America's #airlines @tripadvisor @seatguru  http://read.bi/2m9MA3G¬† via @sai #delta #jetblue,"['tripadvisor', 'seatguru', 'sai']",['http://read.bi/2m9MA3G'],[],0,0,0,"['#airlines', '#delta', '#jetblue']",[],https://twitter.com/theflewshot/status/841067421234524160,FALSE,,0,,,,,,,"[{'user_id': '1583426822', 'username': 'theflewshot'}, {'user_id': '16365636', 'username': 'TripAdvisor'}, {'user_id': '14178543', 'username': 'SeatGuru'}, {'user_id': '8841372', 'username': 'SAI'}]",,
8.40E+17,8.40E+17,1.49E+12,3/9/17,18:33:07,EDT,588974780,jackie_isom,jerseygirlinfl,,My sister loves me! Extra legroom! #sisterlove #legroom #jetblue @‚Ä¶  https://www.instagram.com/p/BRb5oyhhaKhpoZXrUjCkq5fgVgiy69qVungMfU0/¬†‚Ä¶,[],['https://www.instagram.com/p/BRb5oyhhaKhpoZXrUjCkq5fgVgiy69qVungMfU0/'],[],0,0,0,"['#sisterlove', '#legroom', '#jetblue']",[],https://twitter.com/jackie_isom/status/839982409735004161,FALSE,,0,,,,,,,"[{'user_id': '588974780', 'username': 'jackie_isom'}]",,
8.34E+17,8.34E+17,1.49E+12,2/19/17,22:15:13,EDT,119130178,blakemharris,Blake Harris,,"Most legroom in coach, and it's (still) not even close!!!!! #JetBlue @jetblue","['cnnmoney', 'jetblue']",[],[],0,1,2,['#jetblue'],[],https://twitter.com/blakemharris/status/833515321294221312,FALSE,,0,,,,,,,"[{'user_id': '119130178', 'username': 'blakemharris'}, {'user_id': '1044606986946531328', 'username': 'CNNMoney'}, {'user_id': '6449282', 'username': 'JetBlue'}]",,